{
    "luis": {
        "adviseInternalTeam_en_us_lu": {
            "appId": "5b489e7b-4dfd-4650-83bd-6a7ea753e46e"
        },
        "adviseInternalTeam_pt_br_lu": {
            "appId": "a6a16b29-bc6f-4cab-bffa-c6bf31e2bb01"
        },
        "WelcomeDialog_en_us_lu": {
            "appId": "65bb2926-2671-482e-84a8-c62e00219e67"
        },
        "WelcomeRecepcionist_en_us_lu": {
            "appId": "2c58408f-0be0-4e55-9b2e-1bc6917d6bc4"
        },
        "WelcomeDialog_pt_br_lu": {
            "appId": "b68502b8-bfdb-4163-97d4-4bf2887afe38"
        },
        "WelcomeRecepcionist_pt_br_lu": {
            "appId": "fcaf643e-a19e-4685-a5f0-119312485460"
        }
    }
}