{
    "qna": {
        "adviseInternalTeam_en_us_qna": "f7ec3991-30f1-43a3-9930-4c766782c714",
        "hostname": "https://rg-amitlatam-test-smartrecepcionist-qnahost.azurewebsites.net/qnamaker",
        "adviseInternalTeam_pt_br_qna": "fe107983-cef9-43f3-aea6-fcd6e0da5c89",
        "WelcomeDialog_en_us_qna": "f7ec3991-30f1-43a3-9930-4c766782c714",
        "WelcomeDialog_pt_br_qna": "fe107983-cef9-43f3-aea6-fcd6e0da5c89",
        "WelcomeRecepcionist_en_us_qna": "f7ec3991-30f1-43a3-9930-4c766782c714",
        "WelcomeRecepcionist_pt_br_qna": "fe107983-cef9-43f3-aea6-fcd6e0da5c89"
    }
}